{"cameraMode":{"drawMode":0,"name":"Shaded","section":"Shading Mode"},"sceneLighting":true,"audioPlay":false,"sceneViewState":{"m_AlwaysRefresh":false,"showFog":true,"showSkybox":true,"showFlares":true,"showImageEffects":true,"showParticleSystems":true,"showVisualEffectGraphs":true,"m_FxEnabled":true},"in2DMode":false,"pivot":{"x":-0.19894170761108399,"y":6.427799224853516,"z":-29.241064071655275},"rotation":{"x":-0.033301301300525668,"y":-0.009898132644593716,"z":0.0003154254809487611,"w":-0.9993667006492615},"size":0.8660253882408142,"orthographic":false}