{"cameraMode":{"drawMode":0,"name":"Shaded","section":"Shading Mode"},"sceneLighting":false,"audioPlay":false,"sceneViewState":{"m_AlwaysRefresh":false,"showFog":true,"showSkybox":false,"showFlares":true,"showImageEffects":true,"showParticleSystems":true,"showVisualEffectGraphs":true,"m_FxEnabled":true},"in2DMode":false,"pivot":{"x":-0.8500000238418579,"y":1.0299999713897706,"z":-0.869999885559082},"rotation":{"x":0.010186253115534783,"y":0.027592213824391366,"z":0.0002816065098159015,"w":-0.9995671510696411},"size":2.1247448921203615,"orthographic":false}